{"access_token": "ya29.GlzTBn7MSiOoSe0b7V2zSXqS5mEXubVsKP0S1l57_1BAonsLi7BbwGf1Zh1FG7ZT7h_ibPMYzlJuUvSn91uhhwwBxg-e2B57jamru5pxIV2Flx4BLk1ikGg5ei4RTg", "client_id": "953587356966-fi1ukvm2t85tjaivb1p6d2ag17j9j531.apps.googleusercontent.com", "client_secret": "I7G_yVGr8eSalgQLQrxC1rrb", "refresh_token": "1/dILJuwNnOSju3T0dFQoKxs0HhuQP1wgBuqdiQqOEu3g", "token_expiry": "2019-03-21T05:21:41Z", "token_uri": "https://www.googleapis.com/oauth2/v3/token", "user_agent": null, "revoke_uri": "https://oauth2.googleapis.com/revoke", "id_token": null, "id_token_jwt": null, "token_response": {"access_token": "ya29.GlzTBn7MSiOoSe0b7V2zSXqS5mEXubVsKP0S1l57_1BAonsLi7BbwGf1Zh1FG7ZT7h_ibPMYzlJuUvSn91uhhwwBxg-e2B57jamru5pxIV2Flx4BLk1ikGg5ei4RTg", "expires_in": 3600, "scope": "https://www.googleapis.com/auth/youtube.upload https://www.googleapis.com/auth/youtube", "token_type": "Bearer"}, "scopes": ["https://www.googleapis.com/auth/youtube.upload", "https://www.googleapis.com/auth/youtube"], "token_info_uri": "https://oauth2.googleapis.com/tokeninfo", "invalid": false, "_class": "OAuth2Credentials", "_module": "oauth2client.client"}