{"access_token": "ya29.GlzZBqlIg8t3hYnoxWKhNgJjEK6V1upFp_hWcqetyNAD0HfuBAHAbYT3eToEd2AFAvvtVWS8PSDnVq0moyiBJ-OnhJaHvDjDu33DlcWvVExtQNc7QqM2FT4UxKhm-Q", "client_id": "953587356966-fi1ukvm2t85tjaivb1p6d2ag17j9j531.apps.googleusercontent.com", "client_secret": "I7G_yVGr8eSalgQLQrxC1rrb", "refresh_token": "1/gwH4GfgqIgM-PPGHRq-v2VuFww3ngs54_TfXr7gZecg", "token_expiry": "2019-03-27T00:21:56Z", "token_uri": "https://www.googleapis.com/oauth2/v3/token", "user_agent": null, "revoke_uri": "https://oauth2.googleapis.com/revoke", "id_token": null, "id_token_jwt": null, "token_response": {"access_token": "ya29.GlzZBqlIg8t3hYnoxWKhNgJjEK6V1upFp_hWcqetyNAD0HfuBAHAbYT3eToEd2AFAvvtVWS8PSDnVq0moyiBJ-OnhJaHvDjDu33DlcWvVExtQNc7QqM2FT4UxKhm-Q", "expires_in": 3600, "scope": "https://www.googleapis.com/auth/youtube https://www.googleapis.com/auth/youtube.upload", "token_type": "Bearer"}, "scopes": ["https://www.googleapis.com/auth/youtube", "https://www.googleapis.com/auth/youtube.upload"], "token_info_uri": "https://oauth2.googleapis.com/tokeninfo", "invalid": false, "_class": "OAuth2Credentials", "_module": "oauth2client.client"}